dbpedia_id_3985,HM_id_4021,FALSE
dbpedia_id_3958,HM_id_3903,TRUE
dbpedia_id_9107,HM_id_2317,TRUE
dbpedia_id_3143,HM_id_2152,TRUE
dbpedia_id_5593,HM_id_2423,FALSE
dbpedia_id_9196,HM_id_1268,TRUE
dbpedia_id_837,HM_id_1563,TRUE
dbpedia_id_1601,HM_id_1487,TRUE
dbpedia_id_2941,HM_id_2922,TRUE
dbpedia_id_9348,HM_id_4300,TRUE
dbpedia_id_8424,HM_id_4142,FALSE
dbpedia_id_3520,HM_id_3074,TRUE
dbpedia_id_216,HM_id_3698,TRUE
dbpedia_id_218,HM_id_4807,TRUE
dbpedia_id_299,HM_id_4606,TRUE
dbpedia_id_346,HM_id_3819,TRUE
dbpedia_id_459,HM_id_4682,TRUE
dbpedia_id_460,HM_id_4682,TRUE
dbpedia_id_6947,HM_id_4682,TRUE
dbpedia_id_6948,HM_id_4682,TRUE
dbpedia_id_497,HM_id_4721,TRUE
dbpedia_id_614,HM_id_1850,TRUE
dbpedia_id_618,HM_id_3665,TRUE
dbpedia_id_799,HM_id_3589,TRUE
dbpedia_id_802,HM_id_3994,TRUE
dbpedia_id_876,HM_id_1198,TRUE
dbpedia_id_877,HM_id_2699,TRUE
dbpedia_id_911,HM_id_1264,TRUE
dbpedia_id_1517,HM_id_1749,TRUE
dbpedia_id_1582,HM_id_2635,TRUE
dbpedia_id_939,HM_id_4062,TRUE
dbpedia_id_951,HM_id_1720,TRUE
dbpedia_id_977,HM_id_1303,TRUE
dbpedia_id_1002,HM_id_1559,TRUE
dbpedia_id_1010,HM_id_2730,TRUE
dbpedia_id_1024,HM_id_4608,TRUE
dbpedia_id_1037,HM_id_1674,TRUE
dbpedia_id_1074,HM_id_3590,TRUE
dbpedia_id_1077,HM_id_2867,TRUE
dbpedia_id_1086,HM_id_2446,TRUE
dbpedia_id_1088,HM_id_3379,TRUE
dbpedia_id_1096,HM_id_2703,TRUE
dbpedia_id_1107,HM_id_2413,TRUE
dbpedia_id_1110,HM_id_2827,TRUE
dbpedia_id_1115,HM_id_2412,TRUE
dbpedia_id_1122,HM_id_3964,TRUE
dbpedia_id_1127,HM_id_2270,TRUE
dbpedia_id_1129,HM_id_2577,TRUE
dbpedia_id_1132,HM_id_3535,TRUE
dbpedia_id_1134,HM_id_2353,TRUE
dbpedia_id_1135,HM_id_2353,TRUE
dbpedia_id_1143,HM_id_2390,TRUE
dbpedia_id_1145,HM_id_1649,TRUE
dbpedia_id_1148,HM_id_2701,TRUE
dbpedia_id_1152,HM_id_2675,TRUE
dbpedia_id_1161,HM_id_2733,TRUE
dbpedia_id_1164,HM_id_3289,TRUE
dbpedia_id_1168,HM_id_2148,TRUE
dbpedia_id_1173,HM_id_3405,TRUE
dbpedia_id_1176,HM_id_3687,TRUE
dbpedia_id_1219,HM_id_3286,TRUE
dbpedia_id_1519,HM_id_2275,TRUE
dbpedia_id_1521,HM_id_2649,TRUE
dbpedia_id_1523,HM_id_2407,TRUE
dbpedia_id_1525,HM_id_4678,TRUE
dbpedia_id_1527,HM_id_1377,TRUE
dbpedia_id_1529,HM_id_2848,TRUE
dbpedia_id_1541,HM_id_1243,TRUE
dbpedia_id_1542,HM_id_1672,TRUE
dbpedia_id_1549,HM_id_3119,TRUE
dbpedia_id_1567,HM_id_3149,TRUE
dbpedia_id_1568,HM_id_2181,TRUE
dbpedia_id_1572,HM_id_4309,TRUE
dbpedia_id_1588,HM_id_3948,TRUE
dbpedia_id_1595,HM_id_1524,TRUE
dbpedia_id_1603,HM_id_3717,TRUE
dbpedia_id_1604,HM_id_2671,TRUE
dbpedia_id_1606,HM_id_3874,TRUE
dbpedia_id_1616,HM_id_2918,TRUE
dbpedia_id_1620,HM_id_3730,TRUE
dbpedia_id_1638,HM_id_1265,TRUE
dbpedia_id_1642,HM_id_4010,TRUE
dbpedia_id_1643,HM_id_3526,TRUE
dbpedia_id_1742,HM_id_2082,TRUE
dbpedia_id_1779,HM_id_2533,TRUE
dbpedia_id_1802,HM_id_3616,TRUE
dbpedia_id_1810,HM_id_2090,TRUE
dbpedia_id_1892,HM_id_4108,TRUE
dbpedia_id_1929,HM_id_1251,TRUE
dbpedia_id_1943,HM_id_2232,TRUE
dbpedia_id_1947,HM_id_1355,TRUE
dbpedia_id_1953,HM_id_3148,TRUE
dbpedia_id_1955,HM_id_2636,TRUE
dbpedia_id_1960,HM_id_3355,TRUE
dbpedia_id_1961,HM_id_4738,TRUE
dbpedia_id_1964,HM_id_2753,TRUE
dbpedia_id_1967,HM_id_3955,TRUE
dbpedia_id_1972,HM_id_4489,TRUE
dbpedia_id_1976,HM_id_2322,TRUE
dbpedia_id_1993,HM_id_1780,TRUE
dbpedia_id_1995,HM_id_3961,TRUE
dbpedia_id_1996,HM_id_3500,TRUE
dbpedia_id_2002,HM_id_3393,TRUE
dbpedia_id_2013,HM_id_2511,TRUE
dbpedia_id_2018,HM_id_2673,TRUE
dbpedia_id_2019,HM_id_3373,TRUE
dbpedia_id_2021,HM_id_4021,TRUE
dbpedia_id_2023,HM_id_2057,TRUE
dbpedia_id_2024,HM_id_4082,TRUE
dbpedia_id_2026,HM_id_2508,TRUE
dbpedia_id_2028,HM_id_2938,TRUE
dbpedia_id_2032,HM_id_2340,TRUE
dbpedia_id_2036,HM_id_4058,TRUE
dbpedia_id_2043,HM_id_3219,TRUE
dbpedia_id_2044,HM_id_3988,TRUE
dbpedia_id_2045,HM_id_3055,TRUE
dbpedia_id_4088,HM_id_1805,TRUE
dbpedia_id_8077,HM_id_1462,TRUE
dbpedia_id_2068,HM_id_1051,TRUE
dbpedia_id_2075,HM_id_2555,TRUE
dbpedia_id_2076,HM_id_3986,TRUE
dbpedia_id_2081,HM_id_3522,TRUE
dbpedia_id_2084,HM_id_4144,TRUE
dbpedia_id_2106,HM_id_1595,TRUE
dbpedia_id_2110,HM_id_1788,TRUE
dbpedia_id_2125,HM_id_1581,TRUE
dbpedia_id_2180,HM_id_2475,TRUE
dbpedia_id_2324,HM_id_4310,TRUE
dbpedia_id_2374,HM_id_3412,TRUE
dbpedia_id_2425,HM_id_3230,TRUE
dbpedia_id_2435,HM_id_1463,TRUE
dbpedia_id_2457,HM_id_3939,TRUE
dbpedia_id_2472,HM_id_3933,TRUE
dbpedia_id_2473,HM_id_4829,TRUE
dbpedia_id_2479,HM_id_3468,TRUE
dbpedia_id_2482,HM_id_2935,TRUE
dbpedia_id_2485,HM_id_2709,TRUE
dbpedia_id_2500,HM_id_2326,TRUE
dbpedia_id_2502,HM_id_2621,TRUE
dbpedia_id_2503,HM_id_2621,TRUE
dbpedia_id_2519,HM_id_2599,TRUE
dbpedia_id_2523,HM_id_4422,TRUE
dbpedia_id_2524,HM_id_2541,TRUE
dbpedia_id_2533,HM_id_3762,TRUE
dbpedia_id_2540,HM_id_3773,TRUE
dbpedia_id_2542,HM_id_3086,TRUE
dbpedia_id_2544,HM_id_2034,TRUE
dbpedia_id_2547,HM_id_2824,TRUE
dbpedia_id_2548,HM_id_3662,TRUE
dbpedia_id_2552,HM_id_2044,TRUE
dbpedia_id_2561,HM_id_2209,TRUE
dbpedia_id_2580,HM_id_3492,TRUE
dbpedia_id_2586,HM_id_2393,TRUE
dbpedia_id_2595,HM_id_1652,TRUE
dbpedia_id_2597,HM_id_4071,TRUE
dbpedia_id_2598,HM_id_4017,TRUE
dbpedia_id_2599,HM_id_3357,TRUE
dbpedia_id_2604,HM_id_3126,TRUE
dbpedia_id_2612,HM_id_3187,TRUE
dbpedia_id_2619,HM_id_2890,TRUE
dbpedia_id_2625,HM_id_3969,TRUE
dbpedia_id_2626,HM_id_3738,TRUE
dbpedia_id_2630,HM_id_3953,TRUE
dbpedia_id_2646,HM_id_1848,TRUE
dbpedia_id_2651,HM_id_3751,TRUE
dbpedia_id_7819,HM_id_1663,TRUE
dbpedia_id_4087,HM_id_1109,TRUE
dbpedia_id_2660,HM_id_2995,TRUE
dbpedia_id_2675,HM_id_4588,TRUE
dbpedia_id_2717,HM_id_2135,TRUE
dbpedia_id_2741,HM_id_2269,TRUE
dbpedia_id_2750,HM_id_4022,TRUE
dbpedia_id_2773,HM_id_1739,TRUE
dbpedia_id_2825,HM_id_3473,TRUE
dbpedia_id_2837,HM_id_3082,TRUE
dbpedia_id_2856,HM_id_1542,TRUE
dbpedia_id_2857,HM_id_2073,TRUE
dbpedia_id_2858,HM_id_2519,TRUE
dbpedia_id_2894,HM_id_3623,TRUE
dbpedia_id_2898,HM_id_3452,TRUE
dbpedia_id_2900,HM_id_2977,TRUE
dbpedia_id_3055,HM_id_2448,TRUE
dbpedia_id_3114,HM_id_3846,TRUE
dbpedia_id_3117,HM_id_4065,TRUE
dbpedia_id_3129,HM_id_1532,TRUE
dbpedia_id_3142,HM_id_2660,TRUE
dbpedia_id_3146,HM_id_2494,TRUE
dbpedia_id_3157,HM_id_1077,TRUE
dbpedia_id_3166,HM_id_2939,TRUE
dbpedia_id_3167,HM_id_3383,TRUE
dbpedia_id_3175,HM_id_2896,TRUE
dbpedia_id_3177,HM_id_2653,TRUE
dbpedia_id_3179,HM_id_4045,TRUE
dbpedia_id_3180,HM_id_2321,TRUE
dbpedia_id_3191,HM_id_1411,TRUE
dbpedia_id_3197,HM_id_1357,TRUE
dbpedia_id_3198,HM_id_1959,TRUE
dbpedia_id_3202,HM_id_3003,TRUE
dbpedia_id_3205,HM_id_3394,TRUE
dbpedia_id_3212,HM_id_4212,TRUE
dbpedia_id_3215,HM_id_3469,TRUE
dbpedia_id_3224,HM_id_1457,TRUE
dbpedia_id_3230,HM_id_2489,TRUE
dbpedia_id_3241,HM_id_3693,TRUE
dbpedia_id_3250,HM_id_1621,TRUE
dbpedia_id_3251,HM_id_2680,TRUE
dbpedia_id_3259,HM_id_4570,TRUE
dbpedia_id_3260,HM_id_2139,TRUE
dbpedia_id_3262,HM_id_2447,TRUE
dbpedia_id_3263,HM_id_1138,TRUE
dbpedia_id_3268,HM_id_4811,TRUE
dbpedia_id_3281,HM_id_1395,TRUE
dbpedia_id_3298,HM_id_2969,TRUE
dbpedia_id_3302,HM_id_2994,TRUE
dbpedia_id_3336,HM_id_3091,TRUE
dbpedia_id_3367,HM_id_3164,TRUE
dbpedia_id_3370,HM_id_1993,TRUE
dbpedia_id_3389,HM_id_1592,TRUE
dbpedia_id_3390,HM_id_2741,TRUE
dbpedia_id_3394,HM_id_1667,TRUE
dbpedia_id_3404,HM_id_1929,TRUE
dbpedia_id_3411,HM_id_1971,TRUE
dbpedia_id_3415,HM_id_1049,TRUE
dbpedia_id_3423,HM_id_3537,TRUE
dbpedia_id_3464,HM_id_3324,TRUE
dbpedia_id_3467,HM_id_3107,TRUE
dbpedia_id_3469,HM_id_3504,TRUE
dbpedia_id_3474,HM_id_2072,TRUE
dbpedia_id_3525,HM_id_3329,TRUE
dbpedia_id_3527,HM_id_3017,TRUE
dbpedia_id_3528,HM_id_3017,TRUE
dbpedia_id_3583,HM_id_2983,TRUE
dbpedia_id_3631,HM_id_1267,TRUE
dbpedia_id_3643,HM_id_2719,TRUE
dbpedia_id_3654,HM_id_2248,TRUE
dbpedia_id_3655,HM_id_2248,TRUE
dbpedia_id_3663,HM_id_1293,TRUE
dbpedia_id_3706,HM_id_2550,TRUE
dbpedia_id_3719,HM_id_3014,TRUE
dbpedia_id_3732,HM_id_1988,TRUE
dbpedia_id_3760,HM_id_2889,TRUE
dbpedia_id_3780,HM_id_2328,TRUE
dbpedia_id_3809,HM_id_4845,TRUE
dbpedia_id_3878,HM_id_1081,TRUE
dbpedia_id_3948,HM_id_2063,TRUE
dbpedia_id_3955,HM_id_2704,TRUE
dbpedia_id_3959,HM_id_2852,TRUE
dbpedia_id_3961,HM_id_2404,TRUE
dbpedia_id_3976,HM_id_2674,TRUE
dbpedia_id_3995,HM_id_4763,TRUE
dbpedia_id_3998,HM_id_2305,TRUE
dbpedia_id_4004,HM_id_3723,TRUE
dbpedia_id_4007,HM_id_3703,TRUE
dbpedia_id_4009,HM_id_1673,TRUE
dbpedia_id_4012,HM_id_3932,TRUE
dbpedia_id_4025,HM_id_2367,TRUE
dbpedia_id_4028,HM_id_3252,TRUE
dbpedia_id_4051,HM_id_2907,TRUE
dbpedia_id_4053,HM_id_2054,TRUE
dbpedia_id_4058,HM_id_2904,TRUE
dbpedia_id_4060,HM_id_2972,TRUE
dbpedia_id_4072,HM_id_2877,TRUE
dbpedia_id_4082,HM_id_2606,TRUE
dbpedia_id_4084,HM_id_1758,TRUE
dbpedia_id_4091,HM_id_1279,TRUE
dbpedia_id_4097,HM_id_3732,TRUE
dbpedia_id_4105,HM_id_2025,TRUE
dbpedia_id_4120,HM_id_2470,TRUE
dbpedia_id_4122,HM_id_2330,TRUE
dbpedia_id_4123,HM_id_1087,TRUE
dbpedia_id_4125,HM_id_3241,TRUE
dbpedia_id_4130,HM_id_2566,TRUE
dbpedia_id_4136,HM_id_3315,TRUE
dbpedia_id_4155,HM_id_3422,TRUE
dbpedia_id_4163,HM_id_1063,TRUE
dbpedia_id_4165,HM_id_3739,TRUE
dbpedia_id_4177,HM_id_4271,TRUE
dbpedia_id_4179,HM_id_3256,TRUE
dbpedia_id_4183,HM_id_1726,TRUE
dbpedia_id_4194,HM_id_3402,TRUE
dbpedia_id_4196,HM_id_2507,TRUE
dbpedia_id_4198,HM_id_1838,TRUE
dbpedia_id_4199,HM_id_2096,TRUE
dbpedia_id_4200,HM_id_2096,TRUE
dbpedia_id_4204,HM_id_3069,TRUE
dbpedia_id_4209,HM_id_2213,TRUE
dbpedia_id_4213,HM_id_4235,TRUE
dbpedia_id_4220,HM_id_1286,TRUE
dbpedia_id_4255,HM_id_2953,TRUE
dbpedia_id_4270,HM_id_2872,TRUE
dbpedia_id_4288,HM_id_1098,TRUE
dbpedia_id_4338,HM_id_4110,TRUE
dbpedia_id_4369,HM_id_1270,TRUE
dbpedia_id_4386,HM_id_4137,TRUE
dbpedia_id_4387,HM_id_1911,TRUE
dbpedia_id_4401,HM_id_2084,TRUE
dbpedia_id_4457,HM_id_3027,TRUE
dbpedia_id_4461,HM_id_3839,TRUE
dbpedia_id_4615,HM_id_2287,TRUE
dbpedia_id_4653,HM_id_3620,TRUE
dbpedia_id_4670,HM_id_2243,TRUE
dbpedia_id_4672,HM_id_3400,TRUE
dbpedia_id_4745,HM_id_2625,TRUE
dbpedia_id_4767,HM_id_1973,TRUE
dbpedia_id_4777,HM_id_2878,TRUE
dbpedia_id_4842,HM_id_2433,TRUE
dbpedia_id_4852,HM_id_2603,TRUE
dbpedia_id_4857,HM_id_1949,TRUE
dbpedia_id_4903,HM_id_1905,TRUE
dbpedia_id_4922,HM_id_2240,TRUE
dbpedia_id_4972,HM_id_1556,TRUE
dbpedia_id_5092,HM_id_2945,TRUE
dbpedia_id_5095,HM_id_2650,TRUE
dbpedia_id_5104,HM_id_2663,TRUE
dbpedia_id_5106,HM_id_2563,TRUE
dbpedia_id_5112,HM_id_2589,TRUE
dbpedia_id_5113,HM_id_2589,TRUE
dbpedia_id_5120,HM_id_4344,TRUE
dbpedia_id_5131,HM_id_3914,TRUE
dbpedia_id_5142,HM_id_4713,TRUE
dbpedia_id_5155,HM_id_3244,TRUE
dbpedia_id_5189,HM_id_3917,TRUE
dbpedia_id_5190,HM_id_2998,TRUE
dbpedia_id_5195,HM_id_2089,TRUE
dbpedia_id_5198,HM_id_3645,TRUE
dbpedia_id_5200,HM_id_2055,TRUE
dbpedia_id_5210,HM_id_3554,TRUE
dbpedia_id_5211,HM_id_3390,TRUE
dbpedia_id_5232,HM_id_4128,TRUE
dbpedia_id_5233,HM_id_2915,TRUE
dbpedia_id_5248,HM_id_3568,TRUE
dbpedia_id_5260,HM_id_2895,TRUE
dbpedia_id_5263,HM_id_2875,TRUE
dbpedia_id_5278,HM_id_4806,TRUE
dbpedia_id_5279,HM_id_2911,TRUE
dbpedia_id_5305,HM_id_2056,TRUE
dbpedia_id_5313,HM_id_3543,TRUE
dbpedia_id_5324,HM_id_3514,TRUE
dbpedia_id_5326,HM_id_1869,TRUE
dbpedia_id_5335,HM_id_2366,TRUE
dbpedia_id_5338,HM_id_2323,TRUE
dbpedia_id_5344,HM_id_3570,TRUE
dbpedia_id_5346,HM_id_3960,TRUE
dbpedia_id_5347,HM_id_2037,TRUE
dbpedia_id_5350,HM_id_3477,TRUE
dbpedia_id_5355,HM_id_2717,TRUE
dbpedia_id_5360,HM_id_3155,TRUE
dbpedia_id_5366,HM_id_1024,TRUE
dbpedia_id_5376,HM_id_4185,TRUE
dbpedia_id_5377,HM_id_4525,TRUE
dbpedia_id_5401,HM_id_3757,TRUE
dbpedia_id_5408,HM_id_4016,TRUE
dbpedia_id_5417,HM_id_1643,TRUE
dbpedia_id_5430,HM_id_3229,TRUE
dbpedia_id_5433,HM_id_3765,TRUE
dbpedia_id_5434,HM_id_2968,TRUE
dbpedia_id_5442,HM_id_2387,TRUE
dbpedia_id_5453,HM_id_2572,TRUE
dbpedia_id_5456,HM_id_4486,TRUE
dbpedia_id_5458,HM_id_2265,TRUE
dbpedia_id_5463,HM_id_4249,TRUE
dbpedia_id_5476,HM_id_3700,TRUE
dbpedia_id_5482,HM_id_1634,TRUE
dbpedia_id_5485,HM_id_3146,TRUE
dbpedia_id_5504,HM_id_2499,TRUE
dbpedia_id_5521,HM_id_2462,TRUE
dbpedia_id_5547,HM_id_1990,TRUE
dbpedia_id_5548,HM_id_3449,TRUE
dbpedia_id_5551,HM_id_2876,TRUE
dbpedia_id_5559,HM_id_3741,TRUE
dbpedia_id_5569,HM_id_2683,TRUE
dbpedia_id_5570,HM_id_1388,TRUE
dbpedia_id_5600,HM_id_3637,TRUE
dbpedia_id_5611,HM_id_1329,TRUE
dbpedia_id_5614,HM_id_2011,TRUE
dbpedia_id_5619,HM_id_4091,TRUE
dbpedia_id_5627,HM_id_2088,TRUE
dbpedia_id_5631,HM_id_3925,TRUE
dbpedia_id_5637,HM_id_4132,TRUE
dbpedia_id_5638,HM_id_2429,TRUE
dbpedia_id_5643,HM_id_4267,TRUE
dbpedia_id_5728,HM_id_4326,TRUE
dbpedia_id_5872,HM_id_1460,TRUE
dbpedia_id_6112,HM_id_2250,TRUE
dbpedia_id_6126,HM_id_1479,TRUE
dbpedia_id_6172,HM_id_3056,TRUE
dbpedia_id_6285,HM_id_1654,TRUE
dbpedia_id_6378,HM_id_2584,TRUE
dbpedia_id_6396,HM_id_2242,TRUE
dbpedia_id_6479,HM_id_4343,TRUE
dbpedia_id_6501,HM_id_1948,TRUE
dbpedia_id_6512,HM_id_1969,TRUE
dbpedia_id_6513,HM_id_4039,TRUE
dbpedia_id_6597,HM_id_2959,TRUE
dbpedia_id_6751,HM_id_1236,TRUE
dbpedia_id_6765,HM_id_2781,TRUE
dbpedia_id_6782,HM_id_3660,TRUE
dbpedia_id_6789,HM_id_2004,TRUE
dbpedia_id_6808,HM_id_2486,TRUE
dbpedia_id_6809,HM_id_3794,TRUE
dbpedia_id_6816,HM_id_2986,TRUE
dbpedia_id_6817,HM_id_3780,TRUE
dbpedia_id_6827,HM_id_1027,TRUE
dbpedia_id_6832,HM_id_2822,TRUE
dbpedia_id_6849,HM_id_4298,TRUE
dbpedia_id_6850,HM_id_3548,TRUE
dbpedia_id_6858,HM_id_3264,TRUE
dbpedia_id_6879,HM_id_3009,TRUE
dbpedia_id_6885,HM_id_4791,TRUE
dbpedia_id_6890,HM_id_3428,TRUE
dbpedia_id_6908,HM_id_4222,TRUE
dbpedia_id_6910,HM_id_3655,TRUE
dbpedia_id_6911,HM_id_3026,TRUE
dbpedia_id_6915,HM_id_2302,TRUE
dbpedia_id_6936,HM_id_2048,TRUE
dbpedia_id_6946,HM_id_3363,TRUE
dbpedia_id_6954,HM_id_1435,TRUE
dbpedia_id_6989,HM_id_2194,TRUE
dbpedia_id_7000,HM_id_2738,TRUE
dbpedia_id_7011,HM_id_1755,TRUE
dbpedia_id_7013,HM_id_1260,TRUE
dbpedia_id_7021,HM_id_2724,TRUE
dbpedia_id_7055,HM_id_3696,TRUE
dbpedia_id_7066,HM_id_4120,TRUE
dbpedia_id_7081,HM_id_3950,TRUE
dbpedia_id_7083,HM_id_3609,TRUE
dbpedia_id_7087,HM_id_3011,TRUE
dbpedia_id_7105,HM_id_3827,TRUE
dbpedia_id_7114,HM_id_3974,TRUE
dbpedia_id_7123,HM_id_3934,TRUE
dbpedia_id_7125,HM_id_1383,TRUE
dbpedia_id_7159,HM_id_2665,TRUE
dbpedia_id_7170,HM_id_3711,TRUE
dbpedia_id_7177,HM_id_3945,TRUE
dbpedia_id_7179,HM_id_3122,TRUE
dbpedia_id_7181,HM_id_3630,TRUE
dbpedia_id_7183,HM_id_2400,TRUE
dbpedia_id_7187,HM_id_1601,TRUE
dbpedia_id_7190,HM_id_1908,TRUE
dbpedia_id_7192,HM_id_2930,TRUE
dbpedia_id_7228,HM_id_3360,TRUE
dbpedia_id_7231,HM_id_1307,TRUE
dbpedia_id_7233,HM_id_1307,TRUE
dbpedia_id_7234,HM_id_1307,TRUE
dbpedia_id_7238,HM_id_1341,TRUE
dbpedia_id_7242,HM_id_3995,TRUE
dbpedia_id_7243,HM_id_3245,TRUE
dbpedia_id_7259,HM_id_3455,TRUE
dbpedia_id_7262,HM_id_2267,TRUE
dbpedia_id_7303,HM_id_3065,TRUE
dbpedia_id_7307,HM_id_2095,TRUE
dbpedia_id_7320,HM_id_3766,TRUE
dbpedia_id_7325,HM_id_3407,TRUE
dbpedia_id_7336,HM_id_1994,TRUE
dbpedia_id_7344,HM_id_1632,TRUE
dbpedia_id_7345,HM_id_2460,TRUE
dbpedia_id_7355,HM_id_1799,TRUE
dbpedia_id_7369,HM_id_2951,TRUE
dbpedia_id_7372,HM_id_3398,TRUE
dbpedia_id_7373,HM_id_2974,TRUE
dbpedia_id_7390,HM_id_4360,TRUE
dbpedia_id_7402,HM_id_3205,TRUE
dbpedia_id_7406,HM_id_3371,TRUE
dbpedia_id_7420,HM_id_1030,TRUE
dbpedia_id_7421,HM_id_2846,TRUE
dbpedia_id_7424,HM_id_1805,TRUE
dbpedia_id_7430,HM_id_2411,TRUE
dbpedia_id_7432,HM_id_2083,TRUE
dbpedia_id_7434,HM_id_2245,TRUE
dbpedia_id_7435,HM_id_2245,TRUE
dbpedia_id_7436,HM_id_3632,TRUE
dbpedia_id_7443,HM_id_4716,TRUE
dbpedia_id_7446,HM_id_4336,TRUE
dbpedia_id_7459,HM_id_2128,TRUE
dbpedia_id_9375,HM_id_2870,TRUE
dbpedia_id_9385,HM_id_2443,TRUE
dbpedia_id_9403,HM_id_3878,TRUE
dbpedia_id_9405,HM_id_2692,TRUE
dbpedia_id_9411,HM_id_1678,TRUE
dbpedia_id_9421,HM_id_3885,TRUE
dbpedia_id_9426,HM_id_2993,TRUE
dbpedia_id_9438,HM_id_1658,TRUE
dbpedia_id_9458,HM_id_2710,TRUE
dbpedia_id_9475,HM_id_2569,TRUE
dbpedia_id_9489,HM_id_3764,TRUE
dbpedia_id_9496,HM_id_2075,TRUE
dbpedia_id_9503,HM_id_1192,TRUE
dbpedia_id_9534,HM_id_2609,TRUE
dbpedia_id_9539,HM_id_1489,TRUE
dbpedia_id_9543,HM_id_3068,TRUE
dbpedia_id_9556,HM_id_1566,TRUE
dbpedia_id_9562,HM_id_2530,TRUE
dbpedia_id_9570,HM_id_1829,TRUE
dbpedia_id_9574,HM_id_2333,TRUE
dbpedia_id_9577,HM_id_2498,TRUE
dbpedia_id_9593,HM_id_3016,TRUE
dbpedia_id_9602,HM_id_2955,TRUE
dbpedia_id_9623,HM_id_2191,TRUE
dbpedia_id_9638,HM_id_3299,TRUE
dbpedia_id_9639,HM_id_3828,TRUE
dbpedia_id_9642,HM_id_2611,TRUE
dbpedia_id_9659,HM_id_2698,TRUE
dbpedia_id_9668,HM_id_2971,TRUE
dbpedia_id_9715,HM_id_4638,TRUE
dbpedia_id_9717,HM_id_2761,TRUE
dbpedia_id_9718,HM_id_2711,TRUE
dbpedia_id_9721,HM_id_2641,TRUE
dbpedia_id_9731,HM_id_3614,TRUE
dbpedia_id_9739,HM_id_1901,TRUE
dbpedia_id_9749,HM_id_3599,TRUE
dbpedia_id_9769,HM_id_2627,TRUE
dbpedia_id_9772,HM_id_3626,TRUE
dbpedia_id_9775,HM_id_1044,TRUE
dbpedia_id_9796,HM_id_3042,TRUE
dbpedia_id_9810,HM_id_2607,TRUE
dbpedia_id_9811,HM_id_2017,TRUE
dbpedia_id_9812,HM_id_2017,TRUE
dbpedia_id_9832,HM_id_1231,TRUE
dbpedia_id_9870,HM_id_2769,TRUE
dbpedia_id_9880,HM_id_4756,TRUE
dbpedia_id_9887,HM_id_1737,TRUE
dbpedia_id_9889,HM_id_3117,TRUE
dbpedia_id_9900,HM_id_2119,TRUE
dbpedia_id_9901,HM_id_3051,TRUE
dbpedia_id_9921,HM_id_4174,TRUE
dbpedia_id_9932,HM_id_2043,TRUE
dbpedia_id_9934,HM_id_4314,TRUE
dbpedia_id_9956,HM_id_3771,TRUE
dbpedia_id_9962,HM_id_2706,TRUE
dbpedia_id_9968,HM_id_2380,TRUE
dbpedia_id_9970,HM_id_3957,TRUE
dbpedia_id_10019,HM_id_2451,TRUE
dbpedia_id_10034,HM_id_4100,TRUE
dbpedia_id_10035,HM_id_2640,TRUE
dbpedia_id_10046,HM_id_2557,TRUE
dbpedia_id_10047,HM_id_3049,TRUE
dbpedia_id_10055,HM_id_2214,TRUE
dbpedia_id_10086,HM_id_1367,TRUE
dbpedia_id_10098,HM_id_2456,TRUE
dbpedia_id_10099,HM_id_3893,TRUE
dbpedia_id_4596,HM_id_4524,FALSE
dbpedia_id_2038,HM_id_2685,FALSE
dbpedia_id_1662,HM_id_2053,FALSE
dbpedia_id_618,HM_id_1896,FALSE
dbpedia_id_9504,HM_id_3030,FALSE
dbpedia_id_3956,HM_id_3150,FALSE
dbpedia_id_677,HM_id_4585,FALSE
dbpedia_id_1423,HM_id_2682,FALSE
dbpedia_id_4624,HM_id_3547,FALSE
dbpedia_id_9592,HM_id_2288,FALSE
dbpedia_id_2399,HM_id_1100,FALSE
dbpedia_id_6234,HM_id_1644,FALSE
dbpedia_id_2261,HM_id_1638,FALSE
dbpedia_id_3261,HM_id_3356,FALSE
dbpedia_id_2092,HM_id_2035,FALSE
dbpedia_id_7844,HM_id_4870,FALSE
dbpedia_id_6595,HM_id_2084,FALSE
dbpedia_id_3181,HM_id_1878,FALSE
dbpedia_id_2889,HM_id_2553,FALSE
dbpedia_id_6909,HM_id_2757,FALSE
dbpedia_id_3316,HM_id_4139,FALSE
dbpedia_id_7769,HM_id_4612,FALSE
dbpedia_id_5368,HM_id_3963,FALSE
dbpedia_id_4033,HM_id_3018,FALSE
dbpedia_id_845,HM_id_4228,FALSE
dbpedia_id_5917,HM_id_4283,FALSE
dbpedia_id_1833,HM_id_1098,FALSE
dbpedia_id_1013,HM_id_3456,FALSE
dbpedia_id_2094,HM_id_2156,FALSE
dbpedia_id_6381,HM_id_4281,FALSE
dbpedia_id_834,HM_id_1867,FALSE
dbpedia_id_2988,HM_id_4458,FALSE
dbpedia_id_2113,HM_id_3910,FALSE
dbpedia_id_6572,HM_id_2258,FALSE
dbpedia_id_6699,HM_id_1304,FALSE
dbpedia_id_7364,HM_id_4790,FALSE
dbpedia_id_561,HM_id_1732,FALSE
dbpedia_id_1703,HM_id_1118,FALSE
dbpedia_id_6810,HM_id_3931,FALSE
dbpedia_id_4226,HM_id_2788,FALSE
dbpedia_id_5305,HM_id_2847,FALSE
dbpedia_id_5364,HM_id_2397,FALSE
dbpedia_id_9967,HM_id_4476,FALSE
dbpedia_id_1697,HM_id_3699,FALSE
dbpedia_id_4339,HM_id_4765,FALSE
dbpedia_id_6452,HM_id_4028,FALSE
dbpedia_id_4849,HM_id_3186,FALSE
dbpedia_id_6369,HM_id_4844,FALSE
dbpedia_id_3118,HM_id_1863,FALSE
dbpedia_id_9969,HM_id_2814,FALSE
dbpedia_id_835,HM_id_4741,FALSE
dbpedia_id_4110,HM_id_1063,FALSE
dbpedia_id_3946,HM_id_3636,FALSE
dbpedia_id_6576,HM_id_3674,FALSE
dbpedia_id_6484,HM_id_3501,FALSE
dbpedia_id_3657,HM_id_3717,FALSE
dbpedia_id_8532,HM_id_2454,FALSE
dbpedia_id_9843,HM_id_2778,FALSE
dbpedia_id_801,HM_id_4423,FALSE
dbpedia_id_8658,HM_id_2748,FALSE
dbpedia_id_1109,HM_id_4510,FALSE
dbpedia_id_7300,HM_id_1404,FALSE
dbpedia_id_4018,HM_id_3687,FALSE
dbpedia_id_5005,HM_id_3326,FALSE
dbpedia_id_773,HM_id_1361,FALSE
dbpedia_id_5259,HM_id_1382,FALSE
dbpedia_id_9663,HM_id_4450,FALSE
dbpedia_id_1729,HM_id_2848,FALSE
dbpedia_id_6258,HM_id_2162,FALSE
dbpedia_id_9561,HM_id_4506,FALSE
dbpedia_id_1598,HM_id_2560,FALSE
dbpedia_id_5256,HM_id_3886,FALSE
dbpedia_id_3234,HM_id_1719,FALSE
dbpedia_id_1708,HM_id_3923,FALSE
dbpedia_id_8448,HM_id_4672,FALSE
dbpedia_id_4564,HM_id_2934,FALSE
dbpedia_id_6028,HM_id_2008,FALSE
dbpedia_id_6739,HM_id_2437,FALSE
dbpedia_id_2171,HM_id_2858,FALSE
dbpedia_id_5086,HM_id_2037,FALSE
dbpedia_id_7092,HM_id_3865,FALSE
dbpedia_id_6899,HM_id_1634,FALSE
dbpedia_id_7914,HM_id_4504,FALSE
dbpedia_id_3150,HM_id_2880,FALSE
dbpedia_id_9958,HM_id_3366,FALSE
dbpedia_id_4168,HM_id_1288,FALSE
dbpedia_id_742,HM_id_4180,FALSE
dbpedia_id_8996,HM_id_4772,FALSE
dbpedia_id_5476,HM_id_2610,FALSE
dbpedia_id_9745,HM_id_1711,FALSE
dbpedia_id_4357,HM_id_2739,FALSE
dbpedia_id_1823,HM_id_4543,FALSE
dbpedia_id_3984,HM_id_2774,FALSE
dbpedia_id_7829,HM_id_2608,FALSE
dbpedia_id_3955,HM_id_3383,FALSE
dbpedia_id_4926,HM_id_1084,FALSE
dbpedia_id_8826,HM_id_3520,FALSE
dbpedia_id_921,HM_id_2036,FALSE
dbpedia_id_4238,HM_id_1026,FALSE
dbpedia_id_9735,HM_id_3054,FALSE
dbpedia_id_6853,HM_id_3320,FALSE
dbpedia_id_8968,HM_id_3628,FALSE
dbpedia_id_2349,HM_id_4868,FALSE
dbpedia_id_5299,HM_id_1739,FALSE
dbpedia_id_2650,HM_id_3498,FALSE
dbpedia_id_4086,HM_id_1805,FALSE
dbpedia_id_4087,HM_id_1805,FALSE
dbpedia_id_610,HM_id_1456,FALSE
dbpedia_id_8788,HM_id_4515,FALSE
dbpedia_id_2013,HM_id_4647,FALSE
dbpedia_id_4423,HM_id_3705,FALSE
dbpedia_id_9139,HM_id_2290,FALSE
dbpedia_id_7358,HM_id_2910,FALSE
dbpedia_id_4938,HM_id_2559,FALSE
dbpedia_id_3982,HM_id_4204,FALSE
dbpedia_id_2483,HM_id_3539,FALSE
dbpedia_id_299,HM_id_3225,FALSE
dbpedia_id_4930,HM_id_3807,FALSE
dbpedia_id_1217,HM_id_2068,FALSE
dbpedia_id_4717,HM_id_2250,FALSE
dbpedia_id_9974,HM_id_1196,FALSE
dbpedia_id_2925,HM_id_4518,FALSE
dbpedia_id_6357,HM_id_2104,FALSE
dbpedia_id_5947,HM_id_2143,FALSE
dbpedia_id_3381,HM_id_3760,FALSE
dbpedia_id_3045,HM_id_4729,FALSE
dbpedia_id_5512,HM_id_2420,FALSE
dbpedia_id_1578,HM_id_3320,FALSE
dbpedia_id_9180,HM_id_1251,FALSE
dbpedia_id_4673,HM_id_3846,FALSE
dbpedia_id_6722,HM_id_2763,FALSE
dbpedia_id_3017,HM_id_3623,FALSE
dbpedia_id_7295,HM_id_1449,FALSE
dbpedia_id_4443,HM_id_2467,FALSE
dbpedia_id_7668,HM_id_3334,FALSE
dbpedia_id_9956,HM_id_2659,FALSE
dbpedia_id_1750,HM_id_3510,FALSE
dbpedia_id_4242,HM_id_3027,FALSE
dbpedia_id_447,HM_id_1921,FALSE
dbpedia_id_7462,HM_id_1346,FALSE
dbpedia_id_7193,HM_id_1964,FALSE
dbpedia_id_1365,HM_id_3671,FALSE
dbpedia_id_668,HM_id_1540,FALSE
dbpedia_id_9417,HM_id_3510,FALSE
dbpedia_id_9102,HM_id_1614,FALSE
dbpedia_id_4489,HM_id_2037,FALSE
dbpedia_id_5072,HM_id_1895,FALSE
dbpedia_id_7358,HM_id_1293,FALSE
dbpedia_id_8701,HM_id_4687,FALSE
dbpedia_id_7920,HM_id_3596,FALSE
dbpedia_id_2164,HM_id_4819,FALSE
dbpedia_id_5561,HM_id_3628,FALSE
dbpedia_id_2652,HM_id_1585,FALSE
dbpedia_id_1761,HM_id_4474,FALSE
dbpedia_id_1315,HM_id_2296,FALSE
dbpedia_id_3552,HM_id_2219,FALSE
dbpedia_id_203,HM_id_3479,FALSE
dbpedia_id_1471,HM_id_2562,FALSE
dbpedia_id_2189,HM_id_2658,FALSE
dbpedia_id_6674,HM_id_2746,FALSE
dbpedia_id_2276,HM_id_3186,FALSE
dbpedia_id_4566,HM_id_2754,FALSE
dbpedia_id_1660,HM_id_3026,FALSE
dbpedia_id_5007,HM_id_1745,FALSE
dbpedia_id_9174,HM_id_4135,FALSE
dbpedia_id_9038,HM_id_1255,FALSE
dbpedia_id_3016,HM_id_2233,FALSE
dbpedia_id_3467,HM_id_3996,FALSE
dbpedia_id_6455,HM_id_3608,FALSE
dbpedia_id_2404,HM_id_2742,FALSE
dbpedia_id_5852,HM_id_1333,FALSE
dbpedia_id_6836,HM_id_3198,FALSE
dbpedia_id_9067,HM_id_2952,FALSE
dbpedia_id_185,HM_id_4042,FALSE
dbpedia_id_7238,HM_id_3576,FALSE
dbpedia_id_3402,HM_id_3687,FALSE
dbpedia_id_9243,HM_id_2693,FALSE
dbpedia_id_7237,HM_id_2698,FALSE
dbpedia_id_712,HM_id_3912,FALSE
dbpedia_id_8315,HM_id_3924,FALSE
dbpedia_id_1384,HM_id_4465,FALSE
dbpedia_id_3374,HM_id_4582,FALSE
dbpedia_id_9932,HM_id_2307,FALSE
dbpedia_id_5501,HM_id_4445,FALSE
dbpedia_id_2969,HM_id_2418,FALSE
dbpedia_id_7403,HM_id_1688,FALSE
dbpedia_id_4143,HM_id_3751,FALSE
dbpedia_id_4627,HM_id_3417,FALSE
dbpedia_id_6254,HM_id_4235,FALSE
dbpedia_id_2277,HM_id_3082,FALSE
dbpedia_id_9552,HM_id_3279,FALSE
dbpedia_id_4616,HM_id_2672,FALSE
dbpedia_id_3664,HM_id_1063,FALSE
dbpedia_id_4754,HM_id_3762,FALSE
dbpedia_id_1494,HM_id_4515,FALSE
dbpedia_id_6418,HM_id_1254,FALSE
dbpedia_id_1628,HM_id_4695,FALSE
dbpedia_id_1134,HM_id_3917,FALSE
dbpedia_id_1408,HM_id_1513,FALSE
dbpedia_id_7781,HM_id_3957,FALSE
dbpedia_id_6539,HM_id_4415,FALSE
dbpedia_id_3398,HM_id_2409,FALSE
dbpedia_id_7541,HM_id_1878,FALSE
dbpedia_id_465,HM_id_3385,FALSE
dbpedia_id_1550,HM_id_1976,FALSE
dbpedia_id_1705,HM_id_3047,FALSE
dbpedia_id_8735,HM_id_1040,FALSE
dbpedia_id_6155,HM_id_2323,FALSE
dbpedia_id_5844,HM_id_4730,FALSE
dbpedia_id_4738,HM_id_2449,FALSE
dbpedia_id_1191,HM_id_4585,FALSE
dbpedia_id_5791,HM_id_1023,FALSE
dbpedia_id_3653,HM_id_1991,FALSE
dbpedia_id_1393,HM_id_2413,FALSE
dbpedia_id_3304,HM_id_2414,FALSE
dbpedia_id_789,HM_id_2356,FALSE
dbpedia_id_3223,HM_id_1789,FALSE
dbpedia_id_9125,HM_id_2301,FALSE
dbpedia_id_10077,HM_id_4131,FALSE
dbpedia_id_3642,HM_id_1194,FALSE
dbpedia_id_8329,HM_id_4285,FALSE
dbpedia_id_2180,HM_id_2962,FALSE
dbpedia_id_2805,HM_id_3143,FALSE
dbpedia_id_9928,HM_id_1923,FALSE
dbpedia_id_1649,HM_id_3356,FALSE
dbpedia_id_9110,HM_id_2321,FALSE
dbpedia_id_6412,HM_id_1395,FALSE
dbpedia_id_4071,HM_id_2283,FALSE
dbpedia_id_4599,HM_id_3585,FALSE
dbpedia_id_5066,HM_id_1365,FALSE
dbpedia_id_8129,HM_id_1968,FALSE
dbpedia_id_2304,HM_id_4559,FALSE
dbpedia_id_10045,HM_id_3018,FALSE
dbpedia_id_7883,HM_id_1115,FALSE
dbpedia_id_5565,HM_id_3994,FALSE
dbpedia_id_7599,HM_id_4130,FALSE
dbpedia_id_4527,HM_id_2994,FALSE
dbpedia_id_4196,HM_id_2696,FALSE
dbpedia_id_1701,HM_id_1646,FALSE
dbpedia_id_474,HM_id_4498,FALSE
dbpedia_id_8978,HM_id_2337,FALSE
dbpedia_id_1471,HM_id_1234,FALSE
dbpedia_id_1482,HM_id_4391,FALSE
dbpedia_id_9481,HM_id_2599,FALSE
dbpedia_id_442,HM_id_4603,FALSE
dbpedia_id_1356,HM_id_1998,FALSE
dbpedia_id_7070,HM_id_4710,FALSE
dbpedia_id_2094,HM_id_3731,FALSE
dbpedia_id_1650,HM_id_4233,FALSE
dbpedia_id_3691,HM_id_3637,FALSE
dbpedia_id_4391,HM_id_3907,FALSE
dbpedia_id_1454,HM_id_4864,FALSE
dbpedia_id_2995,HM_id_3001,FALSE
dbpedia_id_3319,HM_id_2231,FALSE
dbpedia_id_2930,HM_id_4349,FALSE
dbpedia_id_9543,HM_id_2772,FALSE
dbpedia_id_9958,HM_id_1875,FALSE
dbpedia_id_6543,HM_id_4250,FALSE
dbpedia_id_4087,HM_id_2299,FALSE
dbpedia_id_8741,HM_id_1944,FALSE
dbpedia_id_2674,HM_id_2968,FALSE
dbpedia_id_3806,HM_id_3376,FALSE
dbpedia_id_7300,HM_id_2477,FALSE
dbpedia_id_716,HM_id_1858,FALSE
dbpedia_id_3645,HM_id_4520,FALSE
dbpedia_id_2642,HM_id_3058,FALSE
dbpedia_id_7745,HM_id_3358,FALSE
dbpedia_id_6260,HM_id_4859,FALSE
dbpedia_id_1741,HM_id_2233,FALSE
dbpedia_id_1162,HM_id_2811,FALSE
dbpedia_id_8639,HM_id_1512,FALSE
dbpedia_id_9407,HM_id_3220,FALSE
dbpedia_id_773,HM_id_2496,FALSE
dbpedia_id_5036,HM_id_1190,FALSE
dbpedia_id_482,HM_id_1442,FALSE
dbpedia_id_7696,HM_id_1849,FALSE
dbpedia_id_6664,HM_id_2581,FALSE
dbpedia_id_7204,HM_id_4605,FALSE
dbpedia_id_2756,HM_id_3086,FALSE
dbpedia_id_4242,HM_id_2374,FALSE
dbpedia_id_7094,HM_id_1669,FALSE
dbpedia_id_2785,HM_id_3193,FALSE
dbpedia_id_5858,HM_id_1439,FALSE
dbpedia_id_1705,HM_id_4827,FALSE
dbpedia_id_2441,HM_id_2495,FALSE
dbpedia_id_1126,HM_id_3409,FALSE
dbpedia_id_8330,HM_id_1452,FALSE
dbpedia_id_9703,HM_id_1079,FALSE
dbpedia_id_2542,HM_id_4419,FALSE
dbpedia_id_6234,HM_id_3241,FALSE
dbpedia_id_2389,HM_id_3901,FALSE
dbpedia_id_10010,HM_id_3984,FALSE
dbpedia_id_6304,HM_id_1978,FALSE
dbpedia_id_3857,HM_id_4414,FALSE
dbpedia_id_4837,HM_id_2877,FALSE
dbpedia_id_3269,HM_id_1669,FALSE
dbpedia_id_8664,HM_id_1997,FALSE
dbpedia_id_4178,HM_id_3226,FALSE
dbpedia_id_6281,HM_id_3921,FALSE
dbpedia_id_8886,HM_id_4260,FALSE
dbpedia_id_8034,HM_id_1039,FALSE
dbpedia_id_5249,HM_id_1155,FALSE
dbpedia_id_8828,HM_id_3901,FALSE
dbpedia_id_2385,HM_id_1089,FALSE
dbpedia_id_582,HM_id_3807,FALSE
dbpedia_id_368,HM_id_1318,FALSE
dbpedia_id_8133,HM_id_4454,FALSE
dbpedia_id_3848,HM_id_3953,FALSE
dbpedia_id_8945,HM_id_1094,FALSE
dbpedia_id_5224,HM_id_4360,FALSE
dbpedia_id_2413,HM_id_2079,FALSE
dbpedia_id_4114,HM_id_4425,FALSE
dbpedia_id_1376,HM_id_4282,FALSE
dbpedia_id_6956,HM_id_3448,FALSE
dbpedia_id_8983,HM_id_4517,FALSE
dbpedia_id_5666,HM_id_3687,FALSE
dbpedia_id_535,HM_id_1488,FALSE
dbpedia_id_5017,HM_id_3675,FALSE
dbpedia_id_8955,HM_id_2718,FALSE
dbpedia_id_9898,HM_id_1947,FALSE
dbpedia_id_3961,HM_id_4602,FALSE
dbpedia_id_5346,HM_id_4026,FALSE
dbpedia_id_1764,HM_id_4364,FALSE
dbpedia_id_4225,HM_id_1078,FALSE
dbpedia_id_7519,HM_id_3726,FALSE
dbpedia_id_1771,HM_id_3295,FALSE
dbpedia_id_3440,HM_id_2503,FALSE
dbpedia_id_4269,HM_id_3834,FALSE
dbpedia_id_4376,HM_id_1848,FALSE
dbpedia_id_5954,HM_id_1263,FALSE
dbpedia_id_2751,HM_id_2575,FALSE
dbpedia_id_8028,HM_id_1381,FALSE
dbpedia_id_5964,HM_id_1960,FALSE
dbpedia_id_5385,HM_id_4329,FALSE
dbpedia_id_6280,HM_id_3182,FALSE
dbpedia_id_2044,HM_id_4738,FALSE
dbpedia_id_3133,HM_id_3601,FALSE
dbpedia_id_8560,HM_id_3956,FALSE
dbpedia_id_3559,HM_id_4675,FALSE
dbpedia_id_8614,HM_id_4220,FALSE
dbpedia_id_386,HM_id_1259,FALSE
dbpedia_id_3354,HM_id_2969,FALSE
dbpedia_id_8887,HM_id_2934,FALSE
dbpedia_id_7999,HM_id_2639,FALSE
dbpedia_id_6681,HM_id_2869,FALSE
dbpedia_id_4366,HM_id_1531,FALSE
dbpedia_id_3124,HM_id_1991,FALSE
dbpedia_id_4538,HM_id_1701,FALSE
dbpedia_id_6411,HM_id_2856,FALSE
dbpedia_id_7559,HM_id_3929,FALSE
dbpedia_id_8646,HM_id_4713,FALSE
dbpedia_id_9363,HM_id_1646,FALSE
dbpedia_id_6546,HM_id_3189,FALSE
dbpedia_id_178,HM_id_1005,FALSE
dbpedia_id_3499,HM_id_3172,FALSE
dbpedia_id_9993,HM_id_1376,FALSE
dbpedia_id_5486,HM_id_1098,FALSE
dbpedia_id_6257,HM_id_3706,FALSE
dbpedia_id_1756,HM_id_4221,FALSE
dbpedia_id_595,HM_id_2523,FALSE
dbpedia_id_9223,HM_id_3610,FALSE
dbpedia_id_6728,HM_id_1850,FALSE
dbpedia_id_6549,HM_id_1525,FALSE
dbpedia_id_7468,HM_id_3544,FALSE
dbpedia_id_3036,HM_id_2076,FALSE
dbpedia_id_7586,HM_id_3491,FALSE
dbpedia_id_6619,HM_id_4879,FALSE
dbpedia_id_7818,HM_id_3271,FALSE
dbpedia_id_6988,HM_id_1923,FALSE
dbpedia_id_810,HM_id_2927,FALSE
dbpedia_id_7097,HM_id_1467,FALSE
dbpedia_id_3751,HM_id_2123,FALSE
dbpedia_id_5605,HM_id_4801,FALSE
dbpedia_id_5150,HM_id_2623,FALSE
dbpedia_id_6309,HM_id_1456,FALSE
dbpedia_id_1752,HM_id_1453,FALSE
dbpedia_id_7144,HM_id_4053,FALSE
dbpedia_id_6278,HM_id_2417,FALSE
dbpedia_id_7923,HM_id_1842,FALSE
dbpedia_id_2141,HM_id_4237,FALSE
dbpedia_id_3016,HM_id_2394,FALSE
dbpedia_id_707,HM_id_2417,FALSE
dbpedia_id_7608,HM_id_4545,FALSE
dbpedia_id_8996,HM_id_1784,FALSE
dbpedia_id_3988,HM_id_3950,FALSE
dbpedia_id_5806,HM_id_3052,FALSE
dbpedia_id_4844,HM_id_4556,FALSE
dbpedia_id_6245,HM_id_4546,FALSE
dbpedia_id_3111,HM_id_4033,FALSE
dbpedia_id_8637,HM_id_2512,FALSE
dbpedia_id_5846,HM_id_2227,FALSE
dbpedia_id_9564,HM_id_1531,FALSE
dbpedia_id_3948,HM_id_3672,FALSE
dbpedia_id_8955,HM_id_2175,FALSE
dbpedia_id_9467,HM_id_2735,FALSE
dbpedia_id_5332,HM_id_1379,FALSE
dbpedia_id_8591,HM_id_2697,FALSE
dbpedia_id_1630,HM_id_4500,FALSE
dbpedia_id_3180,HM_id_2294,FALSE
dbpedia_id_5187,HM_id_2547,FALSE
dbpedia_id_3728,HM_id_1513,FALSE
dbpedia_id_9506,HM_id_4085,FALSE
dbpedia_id_5526,HM_id_1486,FALSE
dbpedia_id_9553,HM_id_3509,FALSE
dbpedia_id_1035,HM_id_2781,FALSE
dbpedia_id_9852,HM_id_2035,FALSE
dbpedia_id_7712,HM_id_4806,FALSE
dbpedia_id_4763,HM_id_3475,FALSE
dbpedia_id_5634,HM_id_2820,FALSE
dbpedia_id_5833,HM_id_3471,FALSE
dbpedia_id_1459,HM_id_3862,FALSE
dbpedia_id_1136,HM_id_1321,FALSE
dbpedia_id_5171,HM_id_2777,FALSE
dbpedia_id_2361,HM_id_3506,FALSE
dbpedia_id_7224,HM_id_2326,FALSE
dbpedia_id_9539,HM_id_2917,FALSE
dbpedia_id_5444,HM_id_2442,FALSE
dbpedia_id_3562,HM_id_3728,FALSE
dbpedia_id_3285,HM_id_3501,FALSE
dbpedia_id_837,HM_id_1819,FALSE
dbpedia_id_4925,HM_id_1851,FALSE
dbpedia_id_2270,HM_id_3446,FALSE
dbpedia_id_7761,HM_id_2532,FALSE
dbpedia_id_6558,HM_id_3896,FALSE
dbpedia_id_1055,HM_id_2750,FALSE
dbpedia_id_6997,HM_id_4746,FALSE
dbpedia_id_8569,HM_id_1492,FALSE
dbpedia_id_8984,HM_id_4637,FALSE
dbpedia_id_4569,HM_id_3186,FALSE
dbpedia_id_5305,HM_id_1766,FALSE
dbpedia_id_5004,HM_id_1468,FALSE
dbpedia_id_420,HM_id_4204,FALSE
dbpedia_id_2465,HM_id_1634,FALSE
dbpedia_id_5992,HM_id_4006,FALSE
dbpedia_id_5734,HM_id_4242,FALSE
dbpedia_id_3833,HM_id_4504,FALSE
dbpedia_id_341,HM_id_4248,FALSE
dbpedia_id_2833,HM_id_4372,FALSE
dbpedia_id_6748,HM_id_3636,FALSE
dbpedia_id_2104,HM_id_2544,FALSE
dbpedia_id_932,HM_id_4805,FALSE
dbpedia_id_6998,HM_id_3900,FALSE
dbpedia_id_5259,HM_id_4747,FALSE
dbpedia_id_5736,HM_id_2487,FALSE
dbpedia_id_1237,HM_id_2314,FALSE
dbpedia_id_3792,HM_id_4813,FALSE
dbpedia_id_283,HM_id_2660,FALSE
dbpedia_id_834,HM_id_1568,FALSE
dbpedia_id_5845,HM_id_4442,FALSE
dbpedia_id_6257,HM_id_1935,FALSE
dbpedia_id_8846,HM_id_1381,FALSE
dbpedia_id_7290,HM_id_1656,FALSE
dbpedia_id_578,HM_id_3434,FALSE
dbpedia_id_3315,HM_id_3678,FALSE
dbpedia_id_6002,HM_id_3656,FALSE
dbpedia_id_2648,HM_id_3198,FALSE
dbpedia_id_9228,HM_id_3253,FALSE
dbpedia_id_979,HM_id_2610,FALSE
dbpedia_id_3948,HM_id_2897,FALSE
dbpedia_id_463,HM_id_2154,FALSE
dbpedia_id_8795,HM_id_3726,FALSE
dbpedia_id_5198,HM_id_3112,FALSE
dbpedia_id_8266,HM_id_3699,FALSE
dbpedia_id_7617,HM_id_2448,FALSE
dbpedia_id_3437,HM_id_2109,FALSE
dbpedia_id_8122,HM_id_4120,FALSE
dbpedia_id_644,HM_id_3447,FALSE
dbpedia_id_3003,HM_id_4661,FALSE
dbpedia_id_4970,HM_id_3190,FALSE
dbpedia_id_9147,HM_id_4816,FALSE
dbpedia_id_10098,HM_id_3524,FALSE
dbpedia_id_9496,HM_id_2984,FALSE
dbpedia_id_7803,HM_id_3647,FALSE
dbpedia_id_8289,HM_id_4085,FALSE
dbpedia_id_7780,HM_id_1761,FALSE
dbpedia_id_1124,HM_id_2603,FALSE
dbpedia_id_4291,HM_id_3070,FALSE
dbpedia_id_8652,HM_id_1314,FALSE
dbpedia_id_3954,HM_id_1712,FALSE
dbpedia_id_2173,HM_id_4344,FALSE
dbpedia_id_871,HM_id_2791,FALSE
dbpedia_id_3541,HM_id_1430,FALSE
dbpedia_id_1108,HM_id_1008,FALSE
dbpedia_id_4503,HM_id_2218,FALSE
dbpedia_id_4473,HM_id_4344,FALSE
dbpedia_id_7825,HM_id_2751,FALSE
dbpedia_id_5775,HM_id_1616,FALSE
dbpedia_id_7936,HM_id_2906,FALSE
dbpedia_id_3709,HM_id_3181,FALSE
dbpedia_id_1058,HM_id_3455,FALSE
dbpedia_id_677,HM_id_2346,FALSE